ticker,source,category,source_weight,method
AAL,QQQ,core_growth,4.0,wikipedia_nasdaq100_fallback
ABNB,QQQ,core_growth,4.0,wikipedia_nasdaq100_fallback
ADI,QQQ,core_growth,4.0,wikipedia_nasdaq100_fallback
ADP,QQQ,core_growth,4.0,wikipedia_nasdaq100_fallback
AEOS,QQQ,core_growth,4.0,wikipedia_nasdaq100_fallback
AEP,QQQ,core_growth,4.0,wikipedia_nasdaq100_fallback
AKAM,QQQ,core_growth,4.0,wikipedia_nasdaq100_fallback
ALAB,QQQ,core_growth,4.0,wikipedia_nasdaq100_fallback
ALGN,QQQ,core_growth,4.0,wikipedia_nasdaq100_fallback
ALNY,QQQ,core_growth,4.0,wikipedia_nasdaq100_fallback
ALTR,QQQ,core_growth,4.0,wikipedia_nasdaq100_fallback
ALXN,QQQ,core_growth,4.0,wikipedia_nasdaq100_fallback
AMD,QQQ,core_growth,4.0,wikipedia_nasdaq100_fallback
AMLN,QQQ,core_growth,4.0,wikipedia_nasdaq100_fallback
ANSS,QQQ,core_growth,4.0,wikipedia_nasdaq100_fallback
APCC,QQQ,core_growth,4.0,wikipedia_nasdaq100_fallback
APOL,QQQ,core_growth,4.0,wikipedia_nasdaq100_fallback
APP,QQQ,core_growth,4.0,wikipedia_nasdaq100_fallback
ARM,QQQ,core_growth,4.0,wikipedia_nasdaq100_fallback
ASML,QQQ,core_growth,4.0,wikipedia_nasdaq100_fallback
ATVI,QQQ,core_growth,4.0,wikipedia_nasdaq100_fallback
AVGO,QQQ,core_growth,4.0,wikipedia_nasdaq100_fallback
AXON,QQQ,core_growth,4.0,wikipedia_nasdaq100_fallback
AZN,QQQ,core_growth,4.0,wikipedia_nasdaq100_fallback
BATRA,QQQ,core_growth,4.0,wikipedia_nasdaq100_fallback
BATRK,QQQ,core_growth,4.0,wikipedia_nasdaq100_fallback
BBBY,QQQ,core_growth,4.0,wikipedia_nasdaq100_fallback
BEAS,QQQ,core_growth,4.0,wikipedia_nasdaq100_fallback
BIDU,QQQ,core_growth,4.0,wikipedia_nasdaq100_fallback
BIIB,QQQ,core_growth,4.0,wikipedia_nasdaq100_fallback
BKR,QQQ,core_growth,4.0,wikipedia_nasdaq100_fallback
BMC,QQQ,core_growth,4.0,wikipedia_nasdaq100_fallback
BMET,QQQ,core_growth,4.0,wikipedia_nasdaq100_fallback
BMRN,QQQ,core_growth,4.0,wikipedia_nasdaq100_fallback
CA,QQQ,core_growth,4.0,wikipedia_nasdaq100_fallback
CCEP,QQQ,core_growth,4.0,wikipedia_nasdaq100_fallback
CDNS,QQQ,core_growth,4.0,wikipedia_nasdaq100_fallback
CDW,QQQ,core_growth,4.0,wikipedia_nasdaq100_fallback
CDWC,QQQ,core_growth,4.0,wikipedia_nasdaq100_fallback
CEG,QQQ,core_growth,4.0,wikipedia_nasdaq100_fallback
CELG,QQQ,core_growth,4.0,wikipedia_nasdaq100_fallback
CEPH,QQQ,core_growth,4.0,wikipedia_nasdaq100_fallback
CERN,QQQ,core_growth,4.0,wikipedia_nasdaq100_fallback
CHKP,QQQ,core_growth,4.0,wikipedia_nasdaq100_fallback
CHRW,QQQ,core_growth,4.0,wikipedia_nasdaq100_fallback
CHTR,QQQ,core_growth,4.0,wikipedia_nasdaq100_fallback
CKFR,QQQ,core_growth,4.0,wikipedia_nasdaq100_fallback
CMCSA,QQQ,core_growth,4.0,wikipedia_nasdaq100_fallback
CMVT,QQQ,core_growth,4.0,wikipedia_nasdaq100_fallback
CPRT,QQQ,core_growth,4.0,wikipedia_nasdaq100_fallback
CRWD,QQQ,core_growth,4.0,wikipedia_nasdaq100_fallback
CRWV,QQQ,core_growth,4.0,wikipedia_nasdaq100_fallback
CSGP,QQQ,core_growth,4.0,wikipedia_nasdaq100_fallback
CSX,QQQ,core_growth,4.0,wikipedia_nasdaq100_fallback
CTAS,QQQ,core_growth,4.0,wikipedia_nasdaq100_fallback
CTRX,QQQ,core_growth,4.0,wikipedia_nasdaq100_fallback
CTSH,QQQ,core_growth,4.0,wikipedia_nasdaq100_fallback
CTXS,QQQ,core_growth,4.0,wikipedia_nasdaq100_fallback
DASH,QQQ,core_growth,4.0,wikipedia_nasdaq100_fallback
DDOG,QQQ,core_growth,4.0,wikipedia_nasdaq100_fallback
DELL,QQQ,core_growth,4.0,wikipedia_nasdaq100_fallback
DISCA,QQQ,core_growth,4.0,wikipedia_nasdaq100_fallback
DISCK,QQQ,core_growth,4.0,wikipedia_nasdaq100_fallback
DISH,QQQ,core_growth,4.0,wikipedia_nasdaq100_fallback
DLTR,QQQ,core_growth,4.0,wikipedia_nasdaq100_fallback
DOCU,QQQ,core_growth,4.0,wikipedia_nasdaq100_fallback
DTV,QQQ,core_growth,4.0,wikipedia_nasdaq100_fallback
DXCM,QQQ,core_growth,4.0,wikipedia_nasdaq100_fallback
EA,QQQ,core_growth,4.0,wikipedia_nasdaq100_fallback
EBAY,QQQ,core_growth,4.0,wikipedia_nasdaq100_fallback
ENDP,QQQ,core_growth,4.0,wikipedia_nasdaq100_fallback
ENPH,QQQ,core_growth,4.0,wikipedia_nasdaq100_fallback
EQIX,QQQ,core_growth,4.0,wikipedia_nasdaq100_fallback
ERIC,QQQ,core_growth,4.0,wikipedia_nasdaq100_fallback
ESRX,QQQ,core_growth,4.0,wikipedia_nasdaq100_fallback
EXC,QQQ,core_growth,4.0,wikipedia_nasdaq100_fallback
EXPD,QQQ,core_growth,4.0,wikipedia_nasdaq100_fallback
EXPE,QQQ,core_growth,4.0,wikipedia_nasdaq100_fallback
FANG,QQQ,core_growth,4.0,wikipedia_nasdaq100_fallback
FER,QQQ,core_growth,4.0,wikipedia_nasdaq100_fallback
FFIV,QQQ,core_growth,4.0,wikipedia_nasdaq100_fallback
FI,QQQ,core_growth,4.0,wikipedia_nasdaq100_fallback
FLEX,QQQ,core_growth,4.0,wikipedia_nasdaq100_fallback
FLIR,QQQ,core_growth,4.0,wikipedia_nasdaq100_fallback
FMCN,QQQ,core_growth,4.0,wikipedia_nasdaq100_fallback
FOSL,QQQ,core_growth,4.0,wikipedia_nasdaq100_fallback
FOX,QQQ,core_growth,4.0,wikipedia_nasdaq100_fallback
FOXA,QQQ,core_growth,4.0,wikipedia_nasdaq100_fallback
FSLR,QQQ,core_growth,4.0,wikipedia_nasdaq100_fallback
FTNT,QQQ,core_growth,4.0,wikipedia_nasdaq100_fallback
FWLT,QQQ,core_growth,4.0,wikipedia_nasdaq100_fallback
GEHC,QQQ,core_growth,4.0,wikipedia_nasdaq100_fallback
GENZ,QQQ,core_growth,4.0,wikipedia_nasdaq100_fallback
GFS,QQQ,core_growth,4.0,wikipedia_nasdaq100_fallback
GMCR,QQQ,core_growth,4.0,wikipedia_nasdaq100_fallback
GOLD,QQQ,core_growth,4.0,wikipedia_nasdaq100_fallback
GOOG,QQQ,core_growth,4.0,wikipedia_nasdaq100_fallback
GRMN,QQQ,core_growth,4.0,wikipedia_nasdaq100_fallback
HANS,QQQ,core_growth,4.0,wikipedia_nasdaq100_fallback
HAS,QQQ,core_growth,4.0,wikipedia_nasdaq100_fallback
HOLX,QQQ,core_growth,4.0,wikipedia_nasdaq100_fallback
HON,QQQ,core_growth,4.0,wikipedia_nasdaq100_fallback
HSIC,QQQ,core_growth,4.0,wikipedia_nasdaq100_fallback
IACI,QQQ,core_growth,4.0,wikipedia_nasdaq100_fallback
IDXX,QQQ,core_growth,4.0,wikipedia_nasdaq100_fallback
ILMN,QQQ,core_growth,4.0,wikipedia_nasdaq100_fallback
INCY,QQQ,core_growth,4.0,wikipedia_nasdaq100_fallback
INFY,QQQ,core_growth,4.0,wikipedia_nasdaq100_fallback
INSM,QQQ,core_growth,4.0,wikipedia_nasdaq100_fallback
JAVA,QQQ,core_growth,4.0,wikipedia_nasdaq100_fallback
JBHT,QQQ,core_growth,4.0,wikipedia_nasdaq100_fallback
JD,QQQ,core_growth,4.0,wikipedia_nasdaq100_fallback
JNPR,QQQ,core_growth,4.0,wikipedia_nasdaq100_fallback
JOYG,QQQ,core_growth,4.0,wikipedia_nasdaq100_fallback
KDP,QQQ,core_growth,4.0,wikipedia_nasdaq100_fallback
KFT,QQQ,core_growth,4.0,wikipedia_nasdaq100_fallback
KHC,QQQ,core_growth,4.0,wikipedia_nasdaq100_fallback
KLAC,QQQ,core_growth,4.0,wikipedia_nasdaq100_fallback
KRFT,QQQ,core_growth,4.0,wikipedia_nasdaq100_fallback
LAMR,QQQ,core_growth,4.0,wikipedia_nasdaq100_fallback
LBTYA,QQQ,core_growth,4.0,wikipedia_nasdaq100_fallback
LBTYK,QQQ,core_growth,4.0,wikipedia_nasdaq100_fallback
LCID,QQQ,core_growth,4.0,wikipedia_nasdaq100_fallback
LEAP,QQQ,core_growth,4.0,wikipedia_nasdaq100_fallback
LIFE,QQQ,core_growth,4.0,wikipedia_nasdaq100_fallback
LILA,QQQ,core_growth,4.0,wikipedia_nasdaq100_fallback
LILAK,QQQ,core_growth,4.0,wikipedia_nasdaq100_fallback
LIN,QQQ,core_growth,4.0,wikipedia_nasdaq100_fallback
LITE,QQQ,core_growth,4.0,wikipedia_nasdaq100_fallback
LLTC,QQQ,core_growth,4.0,wikipedia_nasdaq100_fallback
LMCA,QQQ,core_growth,4.0,wikipedia_nasdaq100_fallback
LMCK,QQQ,core_growth,4.0,wikipedia_nasdaq100_fallback
LOGI,QQQ,core_growth,4.0,wikipedia_nasdaq100_fallback
LRCX,QQQ,core_growth,4.0,wikipedia_nasdaq100_fallback
LULU,QQQ,core_growth,4.0,wikipedia_nasdaq100_fallback
LVLT,QQQ,core_growth,4.0,wikipedia_nasdaq100_fallback
MAR,QQQ,core_growth,4.0,wikipedia_nasdaq100_fallback
MAT,QQQ,core_growth,4.0,wikipedia_nasdaq100_fallback
MCHP,QQQ,core_growth,4.0,wikipedia_nasdaq100_fallback
MDB,QQQ,core_growth,4.0,wikipedia_nasdaq100_fallback
MEDI,QQQ,core_growth,4.0,wikipedia_nasdaq100_fallback
MELI,QQQ,core_growth,4.0,wikipedia_nasdaq100_fallback
META,QQQ,core_growth,4.0,wikipedia_nasdaq100_fallback
MICC,QQQ,core_growth,4.0,wikipedia_nasdaq100_fallback
MNST,QQQ,core_growth,4.0,wikipedia_nasdaq100_fallback
MPWR,QQQ,core_growth,4.0,wikipedia_nasdaq100_fallback
MRNA,QQQ,core_growth,4.0,wikipedia_nasdaq100_fallback
MRVL,QQQ,core_growth,4.0,wikipedia_nasdaq100_fallback
MSTR,QQQ,core_growth,4.0,wikipedia_nasdaq100_fallback
MTCH,QQQ,core_growth,4.0,wikipedia_nasdaq100_fallback
MU,QQQ,core_growth,4.0,wikipedia_nasdaq100_fallback
MXIM,QQQ,core_growth,4.0,wikipedia_nasdaq100_fallback
MYL,QQQ,core_growth,4.0,wikipedia_nasdaq100_fallback
NBIS,QQQ,core_growth,4.0,wikipedia_nasdaq100_fallback
NCLH,QQQ,core_growth,4.0,wikipedia_nasdaq100_fallback
NFLX,QQQ,core_growth,4.0,wikipedia_nasdaq100_fallback
NIHD,QQQ,core_growth,4.0,wikipedia_nasdaq100_fallback
NLOK,QQQ,core_growth,4.0,wikipedia_nasdaq100_fallback
NLTI,QQQ,core_growth,4.0,wikipedia_nasdaq100_fallback
NTAP,QQQ,core_growth,4.0,wikipedia_nasdaq100_fallback
NTES,QQQ,core_growth,4.0,wikipedia_nasdaq100_fallback
NUAN,QQQ,core_growth,4.0,wikipedia_nasdaq100_fallback
NWSA,QQQ,core_growth,4.0,wikipedia_nasdaq100_fallback
NXPI,QQQ,core_growth,4.0,wikipedia_nasdaq100_fallback
ODFL,QQQ,core_growth,4.0,wikipedia_nasdaq100_fallback
OKTA,QQQ,core_growth,4.0,wikipedia_nasdaq100_fallback
ON,QQQ,core_growth,4.0,wikipedia_nasdaq100_fallback
ORCL,QQQ,core_growth,4.0,wikipedia_nasdaq100_fallback
ORLY,QQQ,core_growth,4.0,wikipedia_nasdaq100_fallback
PANW,QQQ,core_growth,4.0,wikipedia_nasdaq100_fallback
PCLN,QQQ,core_growth,4.0,wikipedia_nasdaq100_fallback
PDCO,QQQ,core_growth,4.0,wikipedia_nasdaq100_fallback
PDD,QQQ,core_growth,4.0,wikipedia_nasdaq100_fallback
PEP,QQQ,core_growth,4.0,wikipedia_nasdaq100_fallback
PETM,QQQ,core_growth,4.0,wikipedia_nasdaq100_fallback
PLTR,QQQ,core_growth,4.0,wikipedia_nasdaq100_fallback
PPDI,QQQ,core_growth,4.0,wikipedia_nasdaq100_fallback
PRGO,QQQ,core_growth,4.0,wikipedia_nasdaq100_fallback
PTEN,QQQ,core_growth,4.0,wikipedia_nasdaq100_fallback
PTON,QQQ,core_growth,4.0,wikipedia_nasdaq100_fallback
PYPL,QQQ,core_growth,4.0,wikipedia_nasdaq100_fallback
QGEN,QQQ,core_growth,4.0,wikipedia_nasdaq100_fallback
QRTEA,QQQ,core_growth,4.0,wikipedia_nasdaq100_fallback
REGN,QQQ,core_growth,4.0,wikipedia_nasdaq100_fallback
RIMM,QQQ,core_growth,4.0,wikipedia_nasdaq100_fallback
RIVN,QQQ,core_growth,4.0,wikipedia_nasdaq100_fallback
RKLB,QQQ,core_growth,4.0,wikipedia_nasdaq100_fallback
ROP,QQQ,core_growth,4.0,wikipedia_nasdaq100_fallback
ROST,QQQ,core_growth,4.0,wikipedia_nasdaq100_fallback
RYAAY,QQQ,core_growth,4.0,wikipedia_nasdaq100_fallback
SBAC,QQQ,core_growth,4.0,wikipedia_nasdaq100_fallback
SEPR,QQQ,core_growth,4.0,wikipedia_nasdaq100_fallback
SGEN,QQQ,core_growth,4.0,wikipedia_nasdaq100_fallback
SHLD,QQQ,core_growth,4.0,wikipedia_nasdaq100_fallback
SHOP,QQQ,core_growth,4.0,wikipedia_nasdaq100_fallback
SHPG,QQQ,core_growth,4.0,wikipedia_nasdaq100_fallback
SIAL,QQQ,core_growth,4.0,wikipedia_nasdaq100_fallback
SIRI,QQQ,core_growth,4.0,wikipedia_nasdaq100_fallback
SMCI,QQQ,core_growth,4.0,wikipedia_nasdaq100_fallback
SNDK,QQQ,core_growth,4.0,wikipedia_nasdaq100_fallback
SNPS,QQQ,core_growth,4.0,wikipedia_nasdaq100_fallback
SOLS,QQQ,core_growth,4.0,wikipedia_nasdaq100_fallback
SPLK,QQQ,core_growth,4.0,wikipedia_nasdaq100_fallback
SPLS,QQQ,core_growth,4.0,wikipedia_nasdaq100_fallback
SRCL,QQQ,core_growth,4.0,wikipedia_nasdaq100_fallback
STLD,QQQ,core_growth,4.0,wikipedia_nasdaq100_fallback
STRZA,QQQ,core_growth,4.0,wikipedia_nasdaq100_fallback
STX,QQQ,core_growth,4.0,wikipedia_nasdaq100_fallback
SWKS,QQQ,core_growth,4.0,wikipedia_nasdaq100_fallback
TCOM,QQQ,core_growth,4.0,wikipedia_nasdaq100_fallback
TEAM,QQQ,core_growth,4.0,wikipedia_nasdaq100_fallback
TER,QQQ,core_growth,4.0,wikipedia_nasdaq100_fallback
TEVA,QQQ,core_growth,4.0,wikipedia_nasdaq100_fallback
TLAB,QQQ,core_growth,4.0,wikipedia_nasdaq100_fallback
TMUS,QQQ,core_growth,4.0,wikipedia_nasdaq100_fallback
TRI,QQQ,core_growth,4.0,wikipedia_nasdaq100_fallback
TRIP,QQQ,core_growth,4.0,wikipedia_nasdaq100_fallback
TSCO,QQQ,core_growth,4.0,wikipedia_nasdaq100_fallback
TSLA,QQQ,core_growth,4.0,wikipedia_nasdaq100_fallback
TTD,QQQ,core_growth,4.0,wikipedia_nasdaq100_fallback
TTWO,QQQ,core_growth,4.0,wikipedia_nasdaq100_fallback
TXN,QQQ,core_growth,4.0,wikipedia_nasdaq100_fallback
UAL,QQQ,core_growth,4.0,wikipedia_nasdaq100_fallback
UAUA,QQQ,core_growth,4.0,wikipedia_nasdaq100_fallback
ULTA,QQQ,core_growth,4.0,wikipedia_nasdaq100_fallback
URBN,QQQ,core_growth,4.0,wikipedia_nasdaq100_fallback
VIAB,QQQ,core_growth,4.0,wikipedia_nasdaq100_fallback
VIP,QQQ,core_growth,4.0,wikipedia_nasdaq100_fallback
VMED,QQQ,core_growth,4.0,wikipedia_nasdaq100_fallback
VOD,QQQ,core_growth,4.0,wikipedia_nasdaq100_fallback
VRSK,QQQ,core_growth,4.0,wikipedia_nasdaq100_fallback
VRSN,QQQ,core_growth,4.0,wikipedia_nasdaq100_fallback
VSNT,QQQ,core_growth,4.0,wikipedia_nasdaq100_fallback
WBA,QQQ,core_growth,4.0,wikipedia_nasdaq100_fallback
WBD,QQQ,core_growth,4.0,wikipedia_nasdaq100_fallback
WCRX,QQQ,core_growth,4.0,wikipedia_nasdaq100_fallback
WDAY,QQQ,core_growth,4.0,wikipedia_nasdaq100_fallback
WDC,QQQ,core_growth,4.0,wikipedia_nasdaq100_fallback
WFM,QQQ,core_growth,4.0,wikipedia_nasdaq100_fallback
WFMI,QQQ,core_growth,4.0,wikipedia_nasdaq100_fallback
WMT,QQQ,core_growth,4.0,wikipedia_nasdaq100_fallback
WTW,QQQ,core_growth,4.0,wikipedia_nasdaq100_fallback
WYNN,QQQ,core_growth,4.0,wikipedia_nasdaq100_fallback
XEL,QQQ,core_growth,4.0,wikipedia_nasdaq100_fallback
XLNX,QQQ,core_growth,4.0,wikipedia_nasdaq100_fallback
XMSR,QQQ,core_growth,4.0,wikipedia_nasdaq100_fallback
XRAY,QQQ,core_growth,4.0,wikipedia_nasdaq100_fallback
YHOO,QQQ,core_growth,4.0,wikipedia_nasdaq100_fallback
ZM,QQQ,core_growth,4.0,wikipedia_nasdaq100_fallback
ZS,QQQ,core_growth,4.0,wikipedia_nasdaq100_fallback
MMM,SPY,large_cap_core,3.0,wikipedia_sp500
AOS,SPY,large_cap_core,3.0,wikipedia_sp500
ABT,SPY,large_cap_core,3.0,wikipedia_sp500
ABBV,SPY,large_cap_core,3.0,wikipedia_sp500
ACN,SPY,large_cap_core,3.0,wikipedia_sp500
ADBE,SPY,large_cap_core,3.0,wikipedia_sp500
AMD,SPY,large_cap_core,3.0,wikipedia_sp500
AES,SPY,large_cap_core,3.0,wikipedia_sp500
AFL,SPY,large_cap_core,3.0,wikipedia_sp500
A,SPY,large_cap_core,3.0,wikipedia_sp500
APD,SPY,large_cap_core,3.0,wikipedia_sp500
ABNB,SPY,large_cap_core,3.0,wikipedia_sp500
AKAM,SPY,large_cap_core,3.0,wikipedia_sp500
ALB,SPY,large_cap_core,3.0,wikipedia_sp500
ARE,SPY,large_cap_core,3.0,wikipedia_sp500
ALGN,SPY,large_cap_core,3.0,wikipedia_sp500
ALLE,SPY,large_cap_core,3.0,wikipedia_sp500
LNT,SPY,large_cap_core,3.0,wikipedia_sp500
ALL,SPY,large_cap_core,3.0,wikipedia_sp500
GOOGL,SPY,large_cap_core,3.0,wikipedia_sp500
GOOG,SPY,large_cap_core,3.0,wikipedia_sp500
MO,SPY,large_cap_core,3.0,wikipedia_sp500
AMZN,SPY,large_cap_core,3.0,wikipedia_sp500
AMCR,SPY,large_cap_core,3.0,wikipedia_sp500
AEE,SPY,large_cap_core,3.0,wikipedia_sp500
AEP,SPY,large_cap_core,3.0,wikipedia_sp500
AXP,SPY,large_cap_core,3.0,wikipedia_sp500
AIG,SPY,large_cap_core,3.0,wikipedia_sp500
AMT,SPY,large_cap_core,3.0,wikipedia_sp500
AWK,SPY,large_cap_core,3.0,wikipedia_sp500
AMP,SPY,large_cap_core,3.0,wikipedia_sp500
AME,SPY,large_cap_core,3.0,wikipedia_sp500
AMGN,SPY,large_cap_core,3.0,wikipedia_sp500
APH,SPY,large_cap_core,3.0,wikipedia_sp500
ADI,SPY,large_cap_core,3.0,wikipedia_sp500
AON,SPY,large_cap_core,3.0,wikipedia_sp500
APA,SPY,large_cap_core,3.0,wikipedia_sp500
APO,SPY,large_cap_core,3.0,wikipedia_sp500
AAPL,SPY,large_cap_core,3.0,wikipedia_sp500
AMAT,SPY,large_cap_core,3.0,wikipedia_sp500
APP,SPY,large_cap_core,3.0,wikipedia_sp500
APTV,SPY,large_cap_core,3.0,wikipedia_sp500
ACGL,SPY,large_cap_core,3.0,wikipedia_sp500
ADM,SPY,large_cap_core,3.0,wikipedia_sp500
ARES,SPY,large_cap_core,3.0,wikipedia_sp500
ANET,SPY,large_cap_core,3.0,wikipedia_sp500
AJG,SPY,large_cap_core,3.0,wikipedia_sp500
AIZ,SPY,large_cap_core,3.0,wikipedia_sp500
T,SPY,large_cap_core,3.0,wikipedia_sp500
ATO,SPY,large_cap_core,3.0,wikipedia_sp500
ADSK,SPY,large_cap_core,3.0,wikipedia_sp500
ADP,SPY,large_cap_core,3.0,wikipedia_sp500
AZO,SPY,large_cap_core,3.0,wikipedia_sp500
AVB,SPY,large_cap_core,3.0,wikipedia_sp500
AVY,SPY,large_cap_core,3.0,wikipedia_sp500
AXON,SPY,large_cap_core,3.0,wikipedia_sp500
BKR,SPY,large_cap_core,3.0,wikipedia_sp500
BALL,SPY,large_cap_core,3.0,wikipedia_sp500
BAC,SPY,large_cap_core,3.0,wikipedia_sp500
BAX,SPY,large_cap_core,3.0,wikipedia_sp500
BDX,SPY,large_cap_core,3.0,wikipedia_sp500
BRK-B,SPY,large_cap_core,3.0,wikipedia_sp500
BBY,SPY,large_cap_core,3.0,wikipedia_sp500
TECH,SPY,large_cap_core,3.0,wikipedia_sp500
BIIB,SPY,large_cap_core,3.0,wikipedia_sp500
BLK,SPY,large_cap_core,3.0,wikipedia_sp500
BX,SPY,large_cap_core,3.0,wikipedia_sp500
XYZ,SPY,large_cap_core,3.0,wikipedia_sp500
BNY,SPY,large_cap_core,3.0,wikipedia_sp500
BA,SPY,large_cap_core,3.0,wikipedia_sp500
BKNG,SPY,large_cap_core,3.0,wikipedia_sp500
BSX,SPY,large_cap_core,3.0,wikipedia_sp500
BMY,SPY,large_cap_core,3.0,wikipedia_sp500
AVGO,SPY,large_cap_core,3.0,wikipedia_sp500
BR,SPY,large_cap_core,3.0,wikipedia_sp500
BRO,SPY,large_cap_core,3.0,wikipedia_sp500
BF-B,SPY,large_cap_core,3.0,wikipedia_sp500
BLDR,SPY,large_cap_core,3.0,wikipedia_sp500
BG,SPY,large_cap_core,3.0,wikipedia_sp500
BXP,SPY,large_cap_core,3.0,wikipedia_sp500
CHRW,SPY,large_cap_core,3.0,wikipedia_sp500
CDNS,SPY,large_cap_core,3.0,wikipedia_sp500
CPT,SPY,large_cap_core,3.0,wikipedia_sp500
COF,SPY,large_cap_core,3.0,wikipedia_sp500
CAH,SPY,large_cap_core,3.0,wikipedia_sp500
CCL,SPY,large_cap_core,3.0,wikipedia_sp500
CARR,SPY,large_cap_core,3.0,wikipedia_sp500
CVNA,SPY,large_cap_core,3.0,wikipedia_sp500
CASY,SPY,large_cap_core,3.0,wikipedia_sp500
CAT,SPY,large_cap_core,3.0,wikipedia_sp500
CBOE,SPY,large_cap_core,3.0,wikipedia_sp500
CBRE,SPY,large_cap_core,3.0,wikipedia_sp500
CDW,SPY,large_cap_core,3.0,wikipedia_sp500
COR,SPY,large_cap_core,3.0,wikipedia_sp500
CNC,SPY,large_cap_core,3.0,wikipedia_sp500
CNP,SPY,large_cap_core,3.0,wikipedia_sp500
CF,SPY,large_cap_core,3.0,wikipedia_sp500
CRL,SPY,large_cap_core,3.0,wikipedia_sp500
SCHW,SPY,large_cap_core,3.0,wikipedia_sp500
CHTR,SPY,large_cap_core,3.0,wikipedia_sp500
CVX,SPY,large_cap_core,3.0,wikipedia_sp500
CMG,SPY,large_cap_core,3.0,wikipedia_sp500
CB,SPY,large_cap_core,3.0,wikipedia_sp500
CHD,SPY,large_cap_core,3.0,wikipedia_sp500
CIEN,SPY,large_cap_core,3.0,wikipedia_sp500
CI,SPY,large_cap_core,3.0,wikipedia_sp500
CINF,SPY,large_cap_core,3.0,wikipedia_sp500
CTAS,SPY,large_cap_core,3.0,wikipedia_sp500
CSCO,SPY,large_cap_core,3.0,wikipedia_sp500
C,SPY,large_cap_core,3.0,wikipedia_sp500
CFG,SPY,large_cap_core,3.0,wikipedia_sp500
CLX,SPY,large_cap_core,3.0,wikipedia_sp500
CME,SPY,large_cap_core,3.0,wikipedia_sp500
CMS,SPY,large_cap_core,3.0,wikipedia_sp500
KO,SPY,large_cap_core,3.0,wikipedia_sp500
CTSH,SPY,large_cap_core,3.0,wikipedia_sp500
COHR,SPY,large_cap_core,3.0,wikipedia_sp500
COIN,SPY,large_cap_core,3.0,wikipedia_sp500
CL,SPY,large_cap_core,3.0,wikipedia_sp500
CMCSA,SPY,large_cap_core,3.0,wikipedia_sp500
FIX,SPY,large_cap_core,3.0,wikipedia_sp500
CAG,SPY,large_cap_core,3.0,wikipedia_sp500
COP,SPY,large_cap_core,3.0,wikipedia_sp500
ED,SPY,large_cap_core,3.0,wikipedia_sp500
STZ,SPY,large_cap_core,3.0,wikipedia_sp500
CEG,SPY,large_cap_core,3.0,wikipedia_sp500
COO,SPY,large_cap_core,3.0,wikipedia_sp500
CPRT,SPY,large_cap_core,3.0,wikipedia_sp500
GLW,SPY,large_cap_core,3.0,wikipedia_sp500
CPAY,SPY,large_cap_core,3.0,wikipedia_sp500
CTVA,SPY,large_cap_core,3.0,wikipedia_sp500
CSGP,SPY,large_cap_core,3.0,wikipedia_sp500
COST,SPY,large_cap_core,3.0,wikipedia_sp500
CRH,SPY,large_cap_core,3.0,wikipedia_sp500
CRWD,SPY,large_cap_core,3.0,wikipedia_sp500
CCI,SPY,large_cap_core,3.0,wikipedia_sp500
CSX,SPY,large_cap_core,3.0,wikipedia_sp500
CMI,SPY,large_cap_core,3.0,wikipedia_sp500
CVS,SPY,large_cap_core,3.0,wikipedia_sp500
DHR,SPY,large_cap_core,3.0,wikipedia_sp500
DRI,SPY,large_cap_core,3.0,wikipedia_sp500
DDOG,SPY,large_cap_core,3.0,wikipedia_sp500
DVA,SPY,large_cap_core,3.0,wikipedia_sp500
DECK,SPY,large_cap_core,3.0,wikipedia_sp500
DE,SPY,large_cap_core,3.0,wikipedia_sp500
DELL,SPY,large_cap_core,3.0,wikipedia_sp500
DAL,SPY,large_cap_core,3.0,wikipedia_sp500
DVN,SPY,large_cap_core,3.0,wikipedia_sp500
DXCM,SPY,large_cap_core,3.0,wikipedia_sp500
FANG,SPY,large_cap_core,3.0,wikipedia_sp500
DLR,SPY,large_cap_core,3.0,wikipedia_sp500
DG,SPY,large_cap_core,3.0,wikipedia_sp500
DLTR,SPY,large_cap_core,3.0,wikipedia_sp500
D,SPY,large_cap_core,3.0,wikipedia_sp500
DPZ,SPY,large_cap_core,3.0,wikipedia_sp500
DASH,SPY,large_cap_core,3.0,wikipedia_sp500
DOV,SPY,large_cap_core,3.0,wikipedia_sp500
DOW,SPY,large_cap_core,3.0,wikipedia_sp500
DHI,SPY,large_cap_core,3.0,wikipedia_sp500
DTE,SPY,large_cap_core,3.0,wikipedia_sp500
DUK,SPY,large_cap_core,3.0,wikipedia_sp500
DD,SPY,large_cap_core,3.0,wikipedia_sp500
ETN,SPY,large_cap_core,3.0,wikipedia_sp500
EBAY,SPY,large_cap_core,3.0,wikipedia_sp500
ECHO,SPY,large_cap_core,3.0,wikipedia_sp500
ECL,SPY,large_cap_core,3.0,wikipedia_sp500
EIX,SPY,large_cap_core,3.0,wikipedia_sp500
EW,SPY,large_cap_core,3.0,wikipedia_sp500
EA,SPY,large_cap_core,3.0,wikipedia_sp500
ELV,SPY,large_cap_core,3.0,wikipedia_sp500
EME,SPY,large_cap_core,3.0,wikipedia_sp500
EMR,SPY,large_cap_core,3.0,wikipedia_sp500
ETR,SPY,large_cap_core,3.0,wikipedia_sp500
EOG,SPY,large_cap_core,3.0,wikipedia_sp500
EQT,SPY,large_cap_core,3.0,wikipedia_sp500
EFX,SPY,large_cap_core,3.0,wikipedia_sp500
EQIX,SPY,large_cap_core,3.0,wikipedia_sp500
EQR,SPY,large_cap_core,3.0,wikipedia_sp500
ERIE,SPY,large_cap_core,3.0,wikipedia_sp500
ESS,SPY,large_cap_core,3.0,wikipedia_sp500
EL,SPY,large_cap_core,3.0,wikipedia_sp500
EG,SPY,large_cap_core,3.0,wikipedia_sp500
EVRG,SPY,large_cap_core,3.0,wikipedia_sp500
ES,SPY,large_cap_core,3.0,wikipedia_sp500
EXC,SPY,large_cap_core,3.0,wikipedia_sp500
EXE,SPY,large_cap_core,3.0,wikipedia_sp500
EXPE,SPY,large_cap_core,3.0,wikipedia_sp500
EXPD,SPY,large_cap_core,3.0,wikipedia_sp500
EXR,SPY,large_cap_core,3.0,wikipedia_sp500
XOM,SPY,large_cap_core,3.0,wikipedia_sp500
FFIV,SPY,large_cap_core,3.0,wikipedia_sp500
FDS,SPY,large_cap_core,3.0,wikipedia_sp500
FICO,SPY,large_cap_core,3.0,wikipedia_sp500
FAST,SPY,large_cap_core,3.0,wikipedia_sp500
FRT,SPY,large_cap_core,3.0,wikipedia_sp500
FDX,SPY,large_cap_core,3.0,wikipedia_sp500
FDXF,SPY,large_cap_core,3.0,wikipedia_sp500
FIS,SPY,large_cap_core,3.0,wikipedia_sp500
FITB,SPY,large_cap_core,3.0,wikipedia_sp500
FSLR,SPY,large_cap_core,3.0,wikipedia_sp500
FE,SPY,large_cap_core,3.0,wikipedia_sp500
FISV,SPY,large_cap_core,3.0,wikipedia_sp500
FLEX,SPY,large_cap_core,3.0,wikipedia_sp500
F,SPY,large_cap_core,3.0,wikipedia_sp500
FTNT,SPY,large_cap_core,3.0,wikipedia_sp500
FTV,SPY,large_cap_core,3.0,wikipedia_sp500
FOXA,SPY,large_cap_core,3.0,wikipedia_sp500
FOX,SPY,large_cap_core,3.0,wikipedia_sp500
BEN,SPY,large_cap_core,3.0,wikipedia_sp500
FCX,SPY,large_cap_core,3.0,wikipedia_sp500
GRMN,SPY,large_cap_core,3.0,wikipedia_sp500
IT,SPY,large_cap_core,3.0,wikipedia_sp500
GE,SPY,large_cap_core,3.0,wikipedia_sp500
GEHC,SPY,large_cap_core,3.0,wikipedia_sp500
GEV,SPY,large_cap_core,3.0,wikipedia_sp500
GEN,SPY,large_cap_core,3.0,wikipedia_sp500
GNRC,SPY,large_cap_core,3.0,wikipedia_sp500
GD,SPY,large_cap_core,3.0,wikipedia_sp500
GIS,SPY,large_cap_core,3.0,wikipedia_sp500
GM,SPY,large_cap_core,3.0,wikipedia_sp500
GPC,SPY,large_cap_core,3.0,wikipedia_sp500
GILD,SPY,large_cap_core,3.0,wikipedia_sp500
GPN,SPY,large_cap_core,3.0,wikipedia_sp500
GL,SPY,large_cap_core,3.0,wikipedia_sp500
GDDY,SPY,large_cap_core,3.0,wikipedia_sp500
GS,SPY,large_cap_core,3.0,wikipedia_sp500
HAL,SPY,large_cap_core,3.0,wikipedia_sp500
HIG,SPY,large_cap_core,3.0,wikipedia_sp500
HAS,SPY,large_cap_core,3.0,wikipedia_sp500
HCA,SPY,large_cap_core,3.0,wikipedia_sp500
DOC,SPY,large_cap_core,3.0,wikipedia_sp500
HSIC,SPY,large_cap_core,3.0,wikipedia_sp500
HSY,SPY,large_cap_core,3.0,wikipedia_sp500
HPE,SPY,large_cap_core,3.0,wikipedia_sp500
HLT,SPY,large_cap_core,3.0,wikipedia_sp500
HD,SPY,large_cap_core,3.0,wikipedia_sp500
HON,SPY,large_cap_core,3.0,wikipedia_sp500
HRL,SPY,large_cap_core,3.0,wikipedia_sp500
HST,SPY,large_cap_core,3.0,wikipedia_sp500
HWM,SPY,large_cap_core,3.0,wikipedia_sp500
HPQ,SPY,large_cap_core,3.0,wikipedia_sp500
HUBB,SPY,large_cap_core,3.0,wikipedia_sp500
HUM,SPY,large_cap_core,3.0,wikipedia_sp500
HBAN,SPY,large_cap_core,3.0,wikipedia_sp500
HII,SPY,large_cap_core,3.0,wikipedia_sp500
IBM,SPY,large_cap_core,3.0,wikipedia_sp500
IEX,SPY,large_cap_core,3.0,wikipedia_sp500
IDXX,SPY,large_cap_core,3.0,wikipedia_sp500
ITW,SPY,large_cap_core,3.0,wikipedia_sp500
INCY,SPY,large_cap_core,3.0,wikipedia_sp500
IR,SPY,large_cap_core,3.0,wikipedia_sp500
PODD,SPY,large_cap_core,3.0,wikipedia_sp500
INTC,SPY,large_cap_core,3.0,wikipedia_sp500
IBKR,SPY,large_cap_core,3.0,wikipedia_sp500
ICE,SPY,large_cap_core,3.0,wikipedia_sp500
IFF,SPY,large_cap_core,3.0,wikipedia_sp500
IP,SPY,large_cap_core,3.0,wikipedia_sp500
INTU,SPY,large_cap_core,3.0,wikipedia_sp500
ISRG,SPY,large_cap_core,3.0,wikipedia_sp500
IVZ,SPY,large_cap_core,3.0,wikipedia_sp500
INVH,SPY,large_cap_core,3.0,wikipedia_sp500
IQV,SPY,large_cap_core,3.0,wikipedia_sp500
IRM,SPY,large_cap_core,3.0,wikipedia_sp500
JBHT,SPY,large_cap_core,3.0,wikipedia_sp500
JBL,SPY,large_cap_core,3.0,wikipedia_sp500
JKHY,SPY,large_cap_core,3.0,wikipedia_sp500
J,SPY,large_cap_core,3.0,wikipedia_sp500
JNJ,SPY,large_cap_core,3.0,wikipedia_sp500
JCI,SPY,large_cap_core,3.0,wikipedia_sp500
JPM,SPY,large_cap_core,3.0,wikipedia_sp500
KVUE,SPY,large_cap_core,3.0,wikipedia_sp500
KDP,SPY,large_cap_core,3.0,wikipedia_sp500
KEY,SPY,large_cap_core,3.0,wikipedia_sp500
KEYS,SPY,large_cap_core,3.0,wikipedia_sp500
KMB,SPY,large_cap_core,3.0,wikipedia_sp500
KIM,SPY,large_cap_core,3.0,wikipedia_sp500
KMI,SPY,large_cap_core,3.0,wikipedia_sp500
KKR,SPY,large_cap_core,3.0,wikipedia_sp500
KLAC,SPY,large_cap_core,3.0,wikipedia_sp500
KHC,SPY,large_cap_core,3.0,wikipedia_sp500
KR,SPY,large_cap_core,3.0,wikipedia_sp500
LHX,SPY,large_cap_core,3.0,wikipedia_sp500
LH,SPY,large_cap_core,3.0,wikipedia_sp500
LRCX,SPY,large_cap_core,3.0,wikipedia_sp500
LVS,SPY,large_cap_core,3.0,wikipedia_sp500
LDOS,SPY,large_cap_core,3.0,wikipedia_sp500
LEN,SPY,large_cap_core,3.0,wikipedia_sp500
LII,SPY,large_cap_core,3.0,wikipedia_sp500
LLY,SPY,large_cap_core,3.0,wikipedia_sp500
LIN,SPY,large_cap_core,3.0,wikipedia_sp500
LYV,SPY,large_cap_core,3.0,wikipedia_sp500
LMT,SPY,large_cap_core,3.0,wikipedia_sp500
L,SPY,large_cap_core,3.0,wikipedia_sp500
LOW,SPY,large_cap_core,3.0,wikipedia_sp500
LULU,SPY,large_cap_core,3.0,wikipedia_sp500
LITE,SPY,large_cap_core,3.0,wikipedia_sp500
LYB,SPY,large_cap_core,3.0,wikipedia_sp500
MTB,SPY,large_cap_core,3.0,wikipedia_sp500
MPC,SPY,large_cap_core,3.0,wikipedia_sp500
MAR,SPY,large_cap_core,3.0,wikipedia_sp500
MRSH,SPY,large_cap_core,3.0,wikipedia_sp500
MLM,SPY,large_cap_core,3.0,wikipedia_sp500
MRVL,SPY,large_cap_core,3.0,wikipedia_sp500
MAS,SPY,large_cap_core,3.0,wikipedia_sp500
MA,SPY,large_cap_core,3.0,wikipedia_sp500
MKC,SPY,large_cap_core,3.0,wikipedia_sp500
MCD,SPY,large_cap_core,3.0,wikipedia_sp500
MCK,SPY,large_cap_core,3.0,wikipedia_sp500
MDT,SPY,large_cap_core,3.0,wikipedia_sp500
MRK,SPY,large_cap_core,3.0,wikipedia_sp500
META,SPY,large_cap_core,3.0,wikipedia_sp500
MET,SPY,large_cap_core,3.0,wikipedia_sp500
MTD,SPY,large_cap_core,3.0,wikipedia_sp500
MGM,SPY,large_cap_core,3.0,wikipedia_sp500
MCHP,SPY,large_cap_core,3.0,wikipedia_sp500
MU,SPY,large_cap_core,3.0,wikipedia_sp500
MSFT,SPY,large_cap_core,3.0,wikipedia_sp500
MAA,SPY,large_cap_core,3.0,wikipedia_sp500
MRNA,SPY,large_cap_core,3.0,wikipedia_sp500
TAP,SPY,large_cap_core,3.0,wikipedia_sp500
MDLZ,SPY,large_cap_core,3.0,wikipedia_sp500
MPWR,SPY,large_cap_core,3.0,wikipedia_sp500
MNST,SPY,large_cap_core,3.0,wikipedia_sp500
MCO,SPY,large_cap_core,3.0,wikipedia_sp500
MS,SPY,large_cap_core,3.0,wikipedia_sp500
MOS,SPY,large_cap_core,3.0,wikipedia_sp500
MSI,SPY,large_cap_core,3.0,wikipedia_sp500
MSCI,SPY,large_cap_core,3.0,wikipedia_sp500
NDAQ,SPY,large_cap_core,3.0,wikipedia_sp500
NTAP,SPY,large_cap_core,3.0,wikipedia_sp500
NFLX,SPY,large_cap_core,3.0,wikipedia_sp500
NEM,SPY,large_cap_core,3.0,wikipedia_sp500
NWSA,SPY,large_cap_core,3.0,wikipedia_sp500
NWS,SPY,large_cap_core,3.0,wikipedia_sp500
NEE,SPY,large_cap_core,3.0,wikipedia_sp500
NKE,SPY,large_cap_core,3.0,wikipedia_sp500
NI,SPY,large_cap_core,3.0,wikipedia_sp500
NDSN,SPY,large_cap_core,3.0,wikipedia_sp500
NSC,SPY,large_cap_core,3.0,wikipedia_sp500
NTRS,SPY,large_cap_core,3.0,wikipedia_sp500
NOC,SPY,large_cap_core,3.0,wikipedia_sp500
NCLH,SPY,large_cap_core,3.0,wikipedia_sp500
NRG,SPY,large_cap_core,3.0,wikipedia_sp500
NUE,SPY,large_cap_core,3.0,wikipedia_sp500
NVDA,SPY,large_cap_core,3.0,wikipedia_sp500
NVR,SPY,large_cap_core,3.0,wikipedia_sp500
NXPI,SPY,large_cap_core,3.0,wikipedia_sp500
ORLY,SPY,large_cap_core,3.0,wikipedia_sp500
OXY,SPY,large_cap_core,3.0,wikipedia_sp500
ODFL,SPY,large_cap_core,3.0,wikipedia_sp500
OMC,SPY,large_cap_core,3.0,wikipedia_sp500
ON,SPY,large_cap_core,3.0,wikipedia_sp500
OKE,SPY,large_cap_core,3.0,wikipedia_sp500
ORCL,SPY,large_cap_core,3.0,wikipedia_sp500
OTIS,SPY,large_cap_core,3.0,wikipedia_sp500
PCAR,SPY,large_cap_core,3.0,wikipedia_sp500
PKG,SPY,large_cap_core,3.0,wikipedia_sp500
PLTR,SPY,large_cap_core,3.0,wikipedia_sp500
PANW,SPY,large_cap_core,3.0,wikipedia_sp500
PSKY,SPY,large_cap_core,3.0,wikipedia_sp500
PH,SPY,large_cap_core,3.0,wikipedia_sp500
PAYX,SPY,large_cap_core,3.0,wikipedia_sp500
PYPL,SPY,large_cap_core,3.0,wikipedia_sp500
PNR,SPY,large_cap_core,3.0,wikipedia_sp500
PEP,SPY,large_cap_core,3.0,wikipedia_sp500
PFE,SPY,large_cap_core,3.0,wikipedia_sp500
PCG,SPY,large_cap_core,3.0,wikipedia_sp500
PM,SPY,large_cap_core,3.0,wikipedia_sp500
PSX,SPY,large_cap_core,3.0,wikipedia_sp500
PNW,SPY,large_cap_core,3.0,wikipedia_sp500
PNC,SPY,large_cap_core,3.0,wikipedia_sp500
PPG,SPY,large_cap_core,3.0,wikipedia_sp500
PPL,SPY,large_cap_core,3.0,wikipedia_sp500
PFG,SPY,large_cap_core,3.0,wikipedia_sp500
PG,SPY,large_cap_core,3.0,wikipedia_sp500
PGR,SPY,large_cap_core,3.0,wikipedia_sp500
PLD,SPY,large_cap_core,3.0,wikipedia_sp500
PRU,SPY,large_cap_core,3.0,wikipedia_sp500
PEG,SPY,large_cap_core,3.0,wikipedia_sp500
PTC,SPY,large_cap_core,3.0,wikipedia_sp500
PSA,SPY,large_cap_core,3.0,wikipedia_sp500
PHM,SPY,large_cap_core,3.0,wikipedia_sp500
PWR,SPY,large_cap_core,3.0,wikipedia_sp500
QCOM,SPY,large_cap_core,3.0,wikipedia_sp500
DGX,SPY,large_cap_core,3.0,wikipedia_sp500
Q,SPY,large_cap_core,3.0,wikipedia_sp500
RL,SPY,large_cap_core,3.0,wikipedia_sp500
RJF,SPY,large_cap_core,3.0,wikipedia_sp500
RTX,SPY,large_cap_core,3.0,wikipedia_sp500
O,SPY,large_cap_core,3.0,wikipedia_sp500
REG,SPY,large_cap_core,3.0,wikipedia_sp500
REGN,SPY,large_cap_core,3.0,wikipedia_sp500
RF,SPY,large_cap_core,3.0,wikipedia_sp500
RSG,SPY,large_cap_core,3.0,wikipedia_sp500
RMD,SPY,large_cap_core,3.0,wikipedia_sp500
RVTY,SPY,large_cap_core,3.0,wikipedia_sp500
HOOD,SPY,large_cap_core,3.0,wikipedia_sp500
ROK,SPY,large_cap_core,3.0,wikipedia_sp500
ROL,SPY,large_cap_core,3.0,wikipedia_sp500
ROP,SPY,large_cap_core,3.0,wikipedia_sp500
ROST,SPY,large_cap_core,3.0,wikipedia_sp500
RCL,SPY,large_cap_core,3.0,wikipedia_sp500
SPGI,SPY,large_cap_core,3.0,wikipedia_sp500
CRM,SPY,large_cap_core,3.0,wikipedia_sp500
SNDK,SPY,large_cap_core,3.0,wikipedia_sp500
SBAC,SPY,large_cap_core,3.0,wikipedia_sp500
SLB,SPY,large_cap_core,3.0,wikipedia_sp500
STX,SPY,large_cap_core,3.0,wikipedia_sp500
SRE,SPY,large_cap_core,3.0,wikipedia_sp500
NOW,SPY,large_cap_core,3.0,wikipedia_sp500
SHW,SPY,large_cap_core,3.0,wikipedia_sp500
SPG,SPY,large_cap_core,3.0,wikipedia_sp500
SWKS,SPY,large_cap_core,3.0,wikipedia_sp500
SJM,SPY,large_cap_core,3.0,wikipedia_sp500
SW,SPY,large_cap_core,3.0,wikipedia_sp500
SNA,SPY,large_cap_core,3.0,wikipedia_sp500
SOLV,SPY,large_cap_core,3.0,wikipedia_sp500
SO,SPY,large_cap_core,3.0,wikipedia_sp500
LUV,SPY,large_cap_core,3.0,wikipedia_sp500
SWK,SPY,large_cap_core,3.0,wikipedia_sp500
SBUX,SPY,large_cap_core,3.0,wikipedia_sp500
STT,SPY,large_cap_core,3.0,wikipedia_sp500
STLD,SPY,large_cap_core,3.0,wikipedia_sp500
STE,SPY,large_cap_core,3.0,wikipedia_sp500
SYK,SPY,large_cap_core,3.0,wikipedia_sp500
SMCI,SPY,large_cap_core,3.0,wikipedia_sp500
SYF,SPY,large_cap_core,3.0,wikipedia_sp500
SNPS,SPY,large_cap_core,3.0,wikipedia_sp500
SYY,SPY,large_cap_core,3.0,wikipedia_sp500
TMUS,SPY,large_cap_core,3.0,wikipedia_sp500
TROW,SPY,large_cap_core,3.0,wikipedia_sp500
TTWO,SPY,large_cap_core,3.0,wikipedia_sp500
TPR,SPY,large_cap_core,3.0,wikipedia_sp500
TRGP,SPY,large_cap_core,3.0,wikipedia_sp500
TGT,SPY,large_cap_core,3.0,wikipedia_sp500
TEL,SPY,large_cap_core,3.0,wikipedia_sp500
TDY,SPY,large_cap_core,3.0,wikipedia_sp500
TER,SPY,large_cap_core,3.0,wikipedia_sp500
TSLA,SPY,large_cap_core,3.0,wikipedia_sp500
TXN,SPY,large_cap_core,3.0,wikipedia_sp500
TPL,SPY,large_cap_core,3.0,wikipedia_sp500
TXT,SPY,large_cap_core,3.0,wikipedia_sp500
TMO,SPY,large_cap_core,3.0,wikipedia_sp500
TJX,SPY,large_cap_core,3.0,wikipedia_sp500
TKO,SPY,large_cap_core,3.0,wikipedia_sp500
TTD,SPY,large_cap_core,3.0,wikipedia_sp500
TSCO,SPY,large_cap_core,3.0,wikipedia_sp500
TT,SPY,large_cap_core,3.0,wikipedia_sp500
TDG,SPY,large_cap_core,3.0,wikipedia_sp500
TRV,SPY,large_cap_core,3.0,wikipedia_sp500
TRMB,SPY,large_cap_core,3.0,wikipedia_sp500
TFC,SPY,large_cap_core,3.0,wikipedia_sp500
TYL,SPY,large_cap_core,3.0,wikipedia_sp500
TSN,SPY,large_cap_core,3.0,wikipedia_sp500
USB,SPY,large_cap_core,3.0,wikipedia_sp500
UBER,SPY,large_cap_core,3.0,wikipedia_sp500
UDR,SPY,large_cap_core,3.0,wikipedia_sp500
ULTA,SPY,large_cap_core,3.0,wikipedia_sp500
UNP,SPY,large_cap_core,3.0,wikipedia_sp500
UAL,SPY,large_cap_core,3.0,wikipedia_sp500
UPS,SPY,large_cap_core,3.0,wikipedia_sp500
URI,SPY,large_cap_core,3.0,wikipedia_sp500
UNH,SPY,large_cap_core,3.0,wikipedia_sp500
UHS,SPY,large_cap_core,3.0,wikipedia_sp500
VLO,SPY,large_cap_core,3.0,wikipedia_sp500
VEEV,SPY,large_cap_core,3.0,wikipedia_sp500
VTR,SPY,large_cap_core,3.0,wikipedia_sp500
VLTO,SPY,large_cap_core,3.0,wikipedia_sp500
VRSN,SPY,large_cap_core,3.0,wikipedia_sp500
VRSK,SPY,large_cap_core,3.0,wikipedia_sp500
VZ,SPY,large_cap_core,3.0,wikipedia_sp500
VRTX,SPY,large_cap_core,3.0,wikipedia_sp500
VRT,SPY,large_cap_core,3.0,wikipedia_sp500
VTRS,SPY,large_cap_core,3.0,wikipedia_sp500
VICI,SPY,large_cap_core,3.0,wikipedia_sp500
V,SPY,large_cap_core,3.0,wikipedia_sp500
VST,SPY,large_cap_core,3.0,wikipedia_sp500
VMC,SPY,large_cap_core,3.0,wikipedia_sp500
WRB,SPY,large_cap_core,3.0,wikipedia_sp500
GWW,SPY,large_cap_core,3.0,wikipedia_sp500
WAB,SPY,large_cap_core,3.0,wikipedia_sp500
WMT,SPY,large_cap_core,3.0,wikipedia_sp500
DIS,SPY,large_cap_core,3.0,wikipedia_sp500
WBD,SPY,large_cap_core,3.0,wikipedia_sp500
WM,SPY,large_cap_core,3.0,wikipedia_sp500
WAT,SPY,large_cap_core,3.0,wikipedia_sp500
WEC,SPY,large_cap_core,3.0,wikipedia_sp500
WFC,SPY,large_cap_core,3.0,wikipedia_sp500
WELL,SPY,large_cap_core,3.0,wikipedia_sp500
WST,SPY,large_cap_core,3.0,wikipedia_sp500
WDC,SPY,large_cap_core,3.0,wikipedia_sp500
WY,SPY,large_cap_core,3.0,wikipedia_sp500
WSM,SPY,large_cap_core,3.0,wikipedia_sp500
WMB,SPY,large_cap_core,3.0,wikipedia_sp500
WTW,SPY,large_cap_core,3.0,wikipedia_sp500
WDAY,SPY,large_cap_core,3.0,wikipedia_sp500
WYNN,SPY,large_cap_core,3.0,wikipedia_sp500
XEL,SPY,large_cap_core,3.0,wikipedia_sp500
XYL,SPY,large_cap_core,3.0,wikipedia_sp500
YUM,SPY,large_cap_core,3.0,wikipedia_sp500
ZBRA,SPY,large_cap_core,3.0,wikipedia_sp500
ZBH,SPY,large_cap_core,3.0,wikipedia_sp500
ZTS,SPY,large_cap_core,3.0,wikipedia_sp500
AAPL,manual,manual_core,5.0,manual_csv
MSFT,manual,manual_core,5.0,manual_csv
NVDA,manual,manual_core,5.0,manual_csv
AMD,manual,manual_core,5.0,manual_csv
AVGO,manual,manual_core,5.0,manual_csv
TSLA,manual,manual_core,5.0,manual_csv
META,manual,manual_core,5.0,manual_csv
GOOGL,manual,manual_core,5.0,manual_csv
GOOG,manual,manual_core,5.0,manual_csv
AMZN,manual,manual_core,5.0,manual_csv
NFLX,manual,manual_core,5.0,manual_csv
ADBE,manual,manual_core,5.0,manual_csv
CRM,manual,manual_core,5.0,manual_csv
ORCL,manual,manual_core,5.0,manual_csv
NOW,manual,manual_core,5.0,manual_csv
SNOW,manual,manual_core,4.0,manual_csv
MDB,manual,manual_core,4.0,manual_csv
DDOG,manual,manual_core,4.0,manual_csv
NET,manual,manual_core,4.0,manual_csv
CRWD,manual,manual_core,4.0,manual_csv
PANW,manual,manual_core,4.0,manual_csv
ZS,manual,manual_core,4.0,manual_csv
PLTR,manual,manual_core,4.0,manual_csv
SMCI,manual,manual_core,4.0,manual_csv
ARM,manual,manual_core,4.0,manual_csv
MSTR,manual,manual_core,4.0,manual_csv
COIN,manual,manual_core,4.0,manual_csv
RKLB,manual,manual_core,4.0,manual_csv
ASTS,manual,manual_core,4.0,manual_csv
OKLO,manual,manual_core,4.0,manual_csv
QBTS,manual,manual_core,4.0,manual_csv
IONQ,manual,manual_core,4.0,manual_csv
RGTI,manual,manual_core,4.0,manual_csv
SOUN,manual,manual_core,4.0,manual_csv
HIMS,manual,manual_core,4.0,manual_csv
CELH,manual,manual_core,4.0,manual_csv
APP,manual,manual_core,4.0,manual_csv
HOOD,manual,manual_core,4.0,manual_csv
SHOP,manual,manual_core,4.0,manual_csv
SE,manual,manual_core,4.0,manual_csv
MELI,manual,manual_core,4.0,manual_csv
TSM,manual,manual_core,4.0,manual_csv
ASML,manual,manual_core,4.0,manual_csv
MRVL,manual,manual_core,4.0,manual_csv
MU,manual,manual_core,4.0,manual_csv
LRCX,manual,manual_core,4.0,manual_csv
KLAC,manual,manual_core,4.0,manual_csv
AMAT,manual,manual_core,4.0,manual_csv
TER,manual,manual_core,4.0,manual_csv
MPWR,manual,manual_core,4.0,manual_csv
ALAB,manual,manual_core,4.0,manual_csv
DELL,manual,manual_core,4.0,manual_csv
ANET,manual,manual_core,4.0,manual_csv
VRT,manual,manual_core,4.0,manual_csv
CEG,manual,manual_core,4.0,manual_csv
GEV,manual,manual_core,4.0,manual_csv
NXT,manual,manual_core,4.0,manual_csv
ENPH,manual,manual_core,3.0,manual_csv
SEDG,manual,manual_core,3.0,manual_csv
FSLR,manual,manual_core,3.0,manual_csv
LEU,manual,manual_core,3.0,manual_csv
UUUU,manual,manual_core,3.0,manual_csv
PLUG,manual,manual_core,3.0,manual_csv
BE,manual,manual_core,3.0,manual_csv
