feature,feature_group,missing_count,missing_rate,non_null_rows,non_null_rate,first_valid_month,last_valid_month,dropped,drop_reason
rel_mom_12m_vs_qqq,relative_strength,687,0.010512785199467474,64662,0.9894872148005325,2016-01-31,2026-09-30,False,
mom_12m,other_momentum,687,0.010512785199467474,64662,0.9894872148005325,2016-01-31,2026-09-30,False,
up_day_volume_ratio_3m,volume_flow,612,0.009365101225726483,64737,0.9906348987742735,2016-01-31,2026-09-30,False,
up_day_dollar_volume_ratio_3m,volume_flow,612,0.009365101225726483,64737,0.9906348987742735,2016-01-31,2026-09-30,False,
mom_9m,other_momentum,506,0.007743041209505884,64843,0.9922569587904941,2016-01-31,2026-09-30,False,
mom_7m,other_momentum,389,0.005952654210469938,64960,0.99404734578953,2016-01-31,2026-09-30,False,
mom_6m,core_momentum,331,0.005065111937443572,65018,0.9949348880625565,2016-01-31,2026-09-30,False,
mom_4m_vs_6m,core_momentum,331,0.005065111937443572,65018,0.9949348880625565,2016-01-31,2026-09-30,False,
mom_5m_vs_6m,core_momentum,331,0.005065111937443572,65018,0.9949348880625565,2016-01-31,2026-09-30,False,
mom_6m_first3m,core_momentum,331,0.005065111937443572,65018,0.9949348880625565,2016-01-31,2026-09-30,False,
mom_6m_acceleration,core_momentum,331,0.005065111937443572,65018,0.9949348880625565,2016-01-31,2026-09-30,False,
ret_lag_6m,sequence_path,331,0.005065111937443572,65018,0.9949348880625565,2016-01-31,2026-09-30,False,
rel_mom_6m_vs_qqq,relative_strength,331,0.005065111937443572,65018,0.9949348880625565,2016-01-31,2026-09-30,False,
mom_3m_vs_6m,other_momentum,331,0.005065111937443572,65018,0.9949348880625565,2016-01-31,2026-09-30,False,
return_vol_ratio_6m,risk_drawdown,331,0.005065111937443572,65018,0.9949348880625565,2016-01-31,2026-09-30,False,
drawdown_12m,risk_drawdown,330,0.005049809484460359,65019,0.9949501905155397,2016-01-31,2026-09-30,False,
drawdown_12m_abs,risk_drawdown,330,0.005049809484460359,65019,0.9949501905155397,2016-01-31,2026-09-30,False,
ma100_slope_1m,trend,317,0.004850877595678587,65032,0.9951491224043214,2016-01-31,2026-09-30,False,
volume_change_3m,volume_flow,317,0.004850877595678587,65032,0.9951491224043214,2016-01-31,2026-09-30,False,
dollar_volume_change_3m,volume_flow,317,0.004850877595678587,65032,0.9951491224043214,2016-01-31,2026-09-30,False,
volume_ma3_to_12m,volume_flow,281,0.004299989288282912,65068,0.9957000107117171,2016-01-31,2026-09-30,False,
mom_5m,core_momentum,276,0.004223477023366846,65073,0.9957765229766331,2016-01-31,2026-09-30,False,
core_mom_456_std,core_momentum,276,0.004223477023366846,65073,0.9957765229766331,2016-01-31,2026-09-30,False,
ret_lag_5m,sequence_path,276,0.004223477023366846,65073,0.9957765229766331,2016-01-31,2026-09-30,False,
price_ma100_ratio,trend,263,0.004024545134585074,65086,0.9959754548654149,2016-01-31,2026-09-30,False,
drawdown_change_3m,drawdown_recovery,242,0.0037031936219375965,65107,0.9962968063780624,2016-01-31,2026-09-30,False,
mom_4m,core_momentum,220,0.003366539656306906,65129,0.996633460343693,2016-01-31,2026-09-30,False,
core_mom_456_avg,core_momentum,220,0.003366539656306906,65129,0.996633460343693,2016-01-31,2026-09-30,False,
core_mom_456_min,core_momentum,220,0.003366539656306906,65129,0.996633460343693,2016-01-31,2026-09-30,False,
core_mom_456_max,core_momentum,220,0.003366539656306906,65129,0.996633460343693,2016-01-31,2026-09-30,False,
ret_lag_4m,sequence_path,220,0.003366539656306906,65129,0.996633460343693,2016-01-31,2026-09-30,False,
volume_change_1m,volume_flow,202,0.0030910955026090684,65147,0.9969089044973909,2016-01-31,2026-09-30,False,
dollar_volume_change_1m,volume_flow,202,0.0030910955026090684,65147,0.9969089044973909,2016-01-31,2026-09-30,False,
ma50_slope_1m,trend,179,0.0027391390839951644,65170,0.9972608609160049,2016-01-31,2026-09-30,False,
mom_6m_last3m,core_momentum,163,0.0024942998362637533,65186,0.9975057001637363,2016-01-31,2026-09-30,False,
ret_lag_3m,sequence_path,163,0.0024942998362637533,65186,0.9975057001637363,2016-01-31,2026-09-30,False,
rel_mom_3m_vs_qqq,relative_strength,163,0.0024942998362637533,65186,0.9975057001637363,2016-01-31,2026-09-30,False,
mom_3m,other_momentum,163,0.0024942998362637533,65186,0.9975057001637363,2016-01-31,2026-09-30,False,
return_vol_ratio_3m,risk_drawdown,163,0.0024942998362637533,65186,0.9975057001637363,2016-01-31,2026-09-30,False,
volatility_6m,risk_drawdown,162,0.00247899738328054,65187,0.9975210026167195,2016-01-31,2026-09-30,False,
volatility_1m_to_6m,vol_structure,162,0.00247899738328054,65187,0.9975210026167195,2016-01-31,2026-09-30,False,
volatility_3m_to_6m,vol_structure,162,0.00247899738328054,65187,0.9975210026167195,2016-01-31,2026-09-30,False,
avg_abs_daily_return_6m,volatility_amplitude_frequency,162,0.00247899738328054,65187,0.9975210026167195,2016-01-31,2026-09-30,False,
drawdown_6m,risk_drawdown,161,0.002463694930297327,65188,0.9975363050697027,2016-01-31,2026-09-30,False,
drawdown_6m_abs,risk_drawdown,161,0.002463694930297327,65188,0.9975363050697027,2016-01-31,2026-09-30,False,
recovery_from_6m_low,drawdown_recovery,161,0.002463694930297327,65188,0.9975363050697027,2016-01-31,2026-09-30,False,
avg_dollar_volume_6m,liquidity_size_proxy,161,0.002463694930297327,65188,0.9975363050697027,2016-01-31,2026-09-30,False,
dollar_volume_3m_to_6m,liquidity_size_proxy,161,0.002463694930297327,65188,0.9975363050697027,2016-01-31,2026-09-30,False,
large_move_freq_6m,volatility_amplitude_frequency,161,0.002463694930297327,65188,0.9975363050697027,2016-01-31,2026-09-30,False,
up_big_move_freq_6m,volatility_amplitude_frequency,161,0.002463694930297327,65188,0.9975363050697027,2016-01-31,2026-09-30,False,
down_big_move_freq_6m,volatility_amplitude_frequency,161,0.002463694930297327,65188,0.9975363050697027,2016-01-31,2026-09-30,False,
intraday_range_mean_6m,volatility_amplitude_frequency,161,0.002463694930297327,65188,0.9975363050697027,2016-01-31,2026-09-30,False,
volume_ma1_to_6m,volume_flow,131,0.0020046213408009303,65218,0.9979953786591991,2016-01-31,2026-09-30,False,
drawdown_change_1m,drawdown_recovery,129,0.001974016434834504,65220,0.9980259835651655,2016-01-31,2026-09-30,False,
ma30_slope_1m,trend,127,0.0019434115288680775,65222,0.9980565884711319,2016-01-31,2026-09-30,False,
price_ma50_ratio,trend,122,0.0018668992639520115,65227,0.998133100736048,2016-01-31,2026-09-30,False,
atr_14_to_100d,vol_structure,122,0.0018668992639520115,65227,0.998133100736048,2016-01-31,2026-09-30,False,
volume_ratio_3m,volume_flow,114,0.0017444796400863057,65235,0.9982555203599137,2016-01-31,2026-09-30,False,
ret_lag_2m,sequence_path,108,0.0016526649221870265,65241,0.9983473350778129,2016-01-31,2026-09-30,False,
ret_lag_6m_std,sequence_path,108,0.0016526649221870265,65241,0.9983473350778129,2016-01-31,2026-09-30,False,
mom_2m,other_momentum,108,0.0016526649221870265,65241,0.9983473350778129,2016-01-31,2026-09-30,False,
ma20_slope_1m,trend,102,0.0015608502042877472,65247,0.9984391497957122,2016-01-31,2026-09-30,False,
volatility_3m,risk_drawdown,77,0.0011782888797074171,65272,0.9988217111202926,2016-01-31,2026-09-30,False,
volatility_1m_to_3m,vol_structure,77,0.0011782888797074171,65272,0.9988217111202926,2016-01-31,2026-09-30,False,
avg_abs_daily_return_3m,volatility_amplitude_frequency,77,0.0011782888797074171,65272,0.9988217111202926,2016-01-31,2026-09-30,False,
ma10_slope_1m,trend,74,0.0011323815207577774,65275,0.9988676184792422,2016-01-31,2026-09-30,False,
drawdown_3m,risk_drawdown,74,0.0011323815207577774,65275,0.9988676184792422,2016-01-31,2026-09-30,False,
drawdown_3m_abs,risk_drawdown,74,0.0011323815207577774,65275,0.9988676184792422,2016-01-31,2026-09-30,False,
recovery_from_3m_low,drawdown_recovery,74,0.0011323815207577774,65275,0.9988676184792422,2016-01-31,2026-09-30,False,
days_since_3m_high_norm,drawdown_recovery,74,0.0011323815207577774,65275,0.9988676184792422,2016-01-31,2026-09-30,False,
days_since_3m_low_norm,drawdown_recovery,74,0.0011323815207577774,65275,0.9988676184792422,2016-01-31,2026-09-30,False,
avg_dollar_volume_3m,liquidity_size_proxy,74,0.0011323815207577774,65275,0.9988676184792422,2016-01-31,2026-09-30,False,
log_avg_dollar_volume_3m,liquidity_size_proxy,74,0.0011323815207577774,65275,0.9988676184792422,2016-01-31,2026-09-30,False,
large_move_freq_3m,volatility_amplitude_frequency,74,0.0011323815207577774,65275,0.9988676184792422,2016-01-31,2026-09-30,False,
up_big_move_freq_3m,volatility_amplitude_frequency,74,0.0011323815207577774,65275,0.9988676184792422,2016-01-31,2026-09-30,False,
down_big_move_freq_3m,volatility_amplitude_frequency,74,0.0011323815207577774,65275,0.9988676184792422,2016-01-31,2026-09-30,False,
intraday_range_mean_3m,volatility_amplitude_frequency,74,0.0011323815207577774,65275,0.9988676184792422,2016-01-31,2026-09-30,False,
price_ma30_ratio,trend,71,0.0010864741618081379,65278,0.9989135258381918,2016-01-31,2026-09-30,False,
ma5_slope_1m,trend,63,0.0009640545379424321,65286,0.9990359454620575,2016-01-31,2026-09-30,False,
return_vol_ratio_1m,risk_drawdown,59,0.0009028447260095794,65290,0.9990971552739905,2016-01-31,2026-09-30,False,
ret_lag_1m,sequence_path,54,0.0008263324610935132,65295,0.9991736675389065,2016-01-31,2026-09-30,False,
positive_month_ratio_6m,sequence_path,54,0.0008263324610935132,65295,0.9991736675389065,2016-01-31,2026-09-30,False,
ret_lag_6m_mean,sequence_path,54,0.0008263324610935132,65295,0.9991736675389065,2016-01-31,2026-09-30,False,
ret_lag_6m_min,sequence_path,54,0.0008263324610935132,65295,0.9991736675389065,2016-01-31,2026-09-30,False,
ret_lag_6m_max,sequence_path,54,0.0008263324610935132,65295,0.9991736675389065,2016-01-31,2026-09-30,False,
rel_mom_1m_vs_qqq,relative_strength,54,0.0008263324610935132,65295,0.9991736675389065,2016-01-31,2026-09-30,False,
mom_1m,other_momentum,54,0.0008263324610935132,65295,0.9991736675389065,2016-01-31,2026-09-30,False,
price_ma20_ratio,trend,49,0.0007498201961774472,65300,0.9992501798038226,2016-01-31,2026-09-30,False,
volatility_1m,risk_drawdown,41,0.0006274005723117416,65308,0.9993725994276883,2016-01-31,2026-09-30,False,
avg_abs_daily_return_1m,volatility_amplitude_frequency,41,0.0006274005723117416,65308,0.9993725994276883,2016-01-31,2026-09-30,False,
drawdown_1m,risk_drawdown,39,0.0005967956663453152,65310,0.9994032043336547,2016-01-31,2026-09-30,False,
drawdown_1m_abs,risk_drawdown,39,0.0005967956663453152,65310,0.9994032043336547,2016-01-31,2026-09-30,False,
recovery_from_1m_low,drawdown_recovery,39,0.0005967956663453152,65310,0.9994032043336547,2016-01-31,2026-09-30,False,
avg_dollar_volume_1m,liquidity_size_proxy,39,0.0005967956663453152,65310,0.9994032043336547,2016-01-31,2026-09-30,False,
price_ma10_ratio,trend,21,0.0003213515126474774,65328,0.9996786484873526,2016-01-31,2026-09-30,False,
atr_14_to_price,vol_structure,21,0.0003213515126474774,65328,0.9996786484873526,2016-01-31,2026-09-30,False,
price_ma5_ratio,trend,8,0.00012241962386570567,65341,0.9998775803761343,2016-01-31,2026-09-30,False,
qqq_mom_1m,qqq_context,0,0.0,65349,1.0,2016-01-31,2026-09-30,False,
qqq_mom_3m,qqq_context,0,0.0,65349,1.0,2016-01-31,2026-09-30,False,
qqq_mom_6m,qqq_context,0,0.0,65349,1.0,2016-01-31,2026-09-30,False,
qqq_mom_12m,qqq_context,0,0.0,65349,1.0,2016-01-31,2026-09-30,False,
source_count,etf_source,0,0.0,65349,1.0,2016-01-31,2026-09-30,False,
source_weight_sum,etf_source,0,0.0,65349,1.0,2016-01-31,2026-09-30,False,
theme_count,etf_source,0,0.0,65349,1.0,2016-01-31,2026-09-30,False,
in_large_cap_core,etf_source,0,0.0,65349,1.0,2016-01-31,2026-09-30,False,
in_manual_core,etf_source,0,0.0,65349,1.0,2016-01-31,2026-09-30,False,
trading_day_count_3m,liquidity_size_proxy,0,0.0,65349,1.0,2016-01-31,2026-09-30,False,
trading_day_count_6m,liquidity_size_proxy,0,0.0,65349,1.0,2016-01-31,2026-09-30,False,
liquid_vol_score,volatility_amplitude_frequency,0,0.0,65349,1.0,2016-01-31,2026-09-30,False,
